song_artist_id,song,artist,album_type,is_explicit,total_reentries,total_stays,avg_momentum_spike_score,max_momentum_spike_score,avg_post_comeback_retention_days,avg_rank_recovery_speed,best_peak_rank_ever,avg_stay_length_days,reentry_frequency_score,album_comeback_advantage_index,fandom_intensity_proxy_score
"Our Blues, Our Life - Lim Young Woong","Our Blues, Our Life",Lim Young Woong,album,False,47,48,1.968,10.0,4.438,6.667,16,7.521,0.959,1.115,45.72
OMG - NewJeans,OMG,NewJeans,single,False,45,46,2.046,24.6,3.043,7.783,10,6.891,0.918,0.823,45.07
New Jeans - NewJeans,New Jeans,NewJeans,single,False,47,48,2.492,35.8,3.542,4.917,3,5.812,0.959,1.002,44.84
Ditto - NewJeans,Ditto,NewJeans,single,False,49,50,1.108,14.8,4.0,4.4,12,7.48,1.0,0.446,44.66
Cruel Summer - Taylor Swift,Cruel Summer,Taylor Swift,album,False,46,47,1.871,7.0,2.787,4.766,22,5.298,0.939,1.06,43.28
Interlude : Dive - Jimin,Interlude : Dive,Jimin,single,False,37,38,3.374,20.2,4.974,11.526,7,9.553,0.755,1.357,42.89
Hype Boy - NewJeans,Hype Boy,NewJeans,single,False,46,47,1.007,5.1,2.83,3.723,15,6.83,0.939,0.405,41.57
A bientot - Lim Young Woong,A bientot,Lim Young Woong,album,False,41,42,2.225,10.6,3.69,6.238,18,6.667,0.837,1.261,40.74
Perfect Night - LE SSERAFIM,Perfect Night,LE SSERAFIM,single,False,43,44,2.401,16.5,3.25,3.591,9,6.273,0.878,0.966,40.41
Left and Right (Feat. Jung Kook of BTS) - Charlie Puth,Left and Right (Feat. Jung Kook of BTS),Charlie Puth,album,False,42,43,1.103,9.0,1.767,3.767,6,5.256,0.857,0.625,38.43
ETA - NewJeans,ETA,NewJeans,single,False,41,42,0.748,5.7,4.357,3.524,3,8.071,0.837,0.301,37.06
Slime You Out (feat. SZA) - Drake & SZA,Slime You Out (feat. SZA),Drake & SZA,single,True,0,1,32.4,32.4,0.0,4.0,37,2.0,0.0,13.032,35.81
HAPPY - DAY6,HAPPY,DAY6,album,False,13,14,10.781,24.6,3.0,16.857,4,6.571,0.265,6.109,35.05
FE!N - Travis Scott,FE!N,Travis Scott,album,True,0,1,34.8,34.8,2.0,0.0,26,3.0,0.0,19.718,35.0
HYAENA - Travis Scott,HYAENA,Travis Scott,album,True,0,1,34.0,34.0,1.0,0.0,12,2.0,0.0,19.265,34.2
THANK GOD - Travis Scott,THANK GOD,Travis Scott,album,True,0,1,33.6,33.6,1.0,0.0,21,2.0,0.0,19.039,33.79
MELTDOWN - Travis Scott,MELTDOWN,Travis Scott,album,True,0,1,33.6,33.6,1.0,0.0,34,2.0,0.0,19.039,33.79
MY EYES - Travis Scott,MY EYES,Travis Scott,album,True,0,1,33.2,33.2,1.0,0.0,33,2.0,0.0,18.812,33.39
MODERN JAM - Travis Scott,MODERN JAM,Travis Scott,album,True,0,1,33.2,33.2,1.0,0.0,23,2.0,0.0,18.812,33.39
I Love You - Lim Young Woong,I Love You,Lim Young Woong,album,False,31,32,3.23,12.6,1.625,5.844,24,4.688,0.633,1.83,33.27
Rainbow - Lim Young Woong,Rainbow,Lim Young Woong,album,False,32,33,1.106,9.1,6.091,6.939,14,12.212,0.653,0.626,32.83
Get A Guitar - RIIZE,Get A Guitar,RIIZE,single,False,27,28,5.038,23.6,3.571,6.607,13,6.714,0.551,2.027,32.44
Letter To Myself - TAEYEON,Letter To Myself,TAEYEON,single,False,0,1,16.0,16.0,2.0,20.0,22,4.0,0.0,6.436,32.22
Love Always Run Away - Lim Young Woong,Love Always Run Away,Lim Young Woong,single,False,33,34,1.867,11.8,1.5,3.647,28,3.941,0.673,0.751,31.76
T.B.H - QWER,T.B.H,QWER,single,False,30,31,3.366,27.0,3.0,4.613,10,5.0,0.612,1.354,31.6
SHEESH - BABYMONSTER,SHEESH,BABYMONSTER,single,False,14,15,9.889,26.2,4.2,12.333,9,6.067,0.286,3.978,31.32
Chasing That Feeling - TOMORROW X TOGETHER,Chasing That Feeling,TOMORROW X TOGETHER,album,False,0,1,30.8,30.8,4.0,0.0,37,5.0,0.0,17.452,30.98
Please Don't Change (feat. DJ Snake) - Jung Kook,Please Don't Change (feat. DJ Snake),Jung Kook,album,False,34,35,2.063,34.8,1.743,1.229,9,2.886,0.694,1.169,30.82
Sexy In The Air - TAEMIN,Sexy In The Air,TAEMIN,single,False,0,1,17.8,17.8,8.0,16.0,27,11.0,0.0,7.16,30.81
Father - Lim Young Woong,Father,Lim Young Woong,album,False,27,28,3.598,14.0,0.786,6.107,28,3.786,0.551,2.039,30.58
Beautiful Things - Benson Boone,Beautiful Things,Benson Boone,single,False,14,15,8.88,20.0,3.467,12.267,20,5.6,0.286,3.572,30.25
"Darling, I (feat. Teezo Touchdown) - Tyler, The Creator","Darling, I (feat. Teezo Touchdown)","Tyler, The Creator",album,True,0,1,13.6,13.6,0.0,20.0,27,2.0,0.0,7.706,29.81
Underneath the Tree - Kelly Clarkson,Underneath the Tree,Kelly Clarkson,album,False,0,1,12.6,12.6,2.0,21.0,18,4.0,0.0,7.139,29.61
It's Beginning to Look a Lot like Christmas - Michael Bublé,It's Beginning to Look a Lot like Christmas,Michael Bublé,album,False,0,1,12.6,12.6,2.0,21.0,27,4.0,0.0,7.139,29.61
Lovely Touch - Lim Young Woong,Lovely Touch,Lim Young Woong,album,False,26,27,3.502,11.6,2.222,5.667,25,4.407,0.531,1.984,29.32
Touch - KATSEYE,Touch,KATSEYE,single,False,13,14,7.063,16.4,1.786,14.357,16,5.571,0.265,2.841,29.29
HERO - Lim Young Woong,HERO,Lim Young Woong,single,False,25,26,3.702,14.4,1.231,6.385,26,4.269,0.51,1.489,29.28
Paint The Town Red - Doja Cat,Paint The Town Red,Doja Cat,single,True,14,15,7.388,17.4,1.6,12.8,13,4.333,0.286,2.972,29.18
A Psalm of Life - Lim Young Woong,A Psalm of Life,Lim Young Woong,album,False,28,29,2.704,10.4,0.897,4.414,25,4.172,0.571,1.532,29.14
People Pt.2 (feat. IU) - Agust D,People Pt.2 (feat. IU),Agust D,album,False,17,18,3.958,10.8,3.222,13.167,14,8.0,0.347,2.242,28.48
Who (Funky Remix) - Jimin,Who (Funky Remix),Jimin,album,False,32,33,0.556,4.4,0.909,1.909,23,2.485,0.653,0.315,28.22
Attention - NewJeans,Attention,NewJeans,single,False,32,33,0.726,4.2,2.485,1.485,26,4.576,0.653,0.292,28.05
Drama - aespa,Drama,aespa,album,False,30,31,0.565,5.8,3.419,3.032,14,7.161,0.612,0.32,27.5
Who (Beautiful Mind Remix) - Jimin,Who (Beautiful Mind Remix),Jimin,album,False,32,33,0.315,2.9,0.848,1.091,20,2.364,0.653,0.178,27.32
"Yes or No (Feat. HUH YUNJIN of LE SSERAFIM, Crush) - GroovyRoom","Yes or No (Feat. HUH YUNJIN of LE SSERAFIM, Crush)",GroovyRoom,single,False,0,1,2.117,2.117,0.0,31.0,16,13.0,0.0,0.852,27.13
Dreamers [Music from the FIFA World Cup Qatar 2022 Official Soundtrack] - Jung Kook & BTS,Dreamers [Music from the FIFA World Cup Qatar 2022 Official Soundtrack],Jung Kook & BTS,single,False,16,17,3.79,10.6,3.353,12.294,10,9.471,0.327,1.525,26.79
Who (Instrumental) - Jimin,Who (Instrumental),Jimin,album,False,30,31,0.403,2.8,1.484,1.355,17,2.903,0.612,0.228,25.99
Rainy Days - V,Rainy Days,V,single,False,25,26,1.961,5.8,4.346,4.038,4,7.923,0.51,0.789,25.64
Super Shy - NewJeans,Super Shy,NewJeans,single,False,25,26,2.522,38.6,8.923,3.308,1,15.692,0.51,1.014,25.61
Moonlit Floor - LISA,Moonlit Floor,LISA,single,False,0,1,3.48,3.48,2.0,27.0,21,8.0,0.0,1.4,25.27
Who (Shibuyakei Remix) - Jimin,Who (Shibuyakei Remix),Jimin,album,False,29,30,0.405,2.9,1.5,1.1,20,2.967,0.592,0.229,24.97
Fate - (G)I-DLE,Fate,(G)I-DLE,album,False,16,17,5.919,14.6,2.882,7.235,9,5.647,0.327,3.354,24.85
Love Letter - Lim Young Woong,Love Letter,Lim Young Woong,album,False,27,28,1.161,9.8,1.107,1.929,32,2.679,0.551,0.658,24.76
Hate You - Jung Kook,Hate You,Jung Kook,album,False,26,27,1.93,34.8,2.963,1.556,8,5.074,0.531,1.093,24.42
ISTJ - NCT DREAM,ISTJ,NCT DREAM,album,False,0,1,12.8,12.8,5.0,14.0,24,7.0,0.0,7.253,24.16
Somebody - Jung Kook,Somebody,Jung Kook,album,False,26,27,2.022,34.4,1.074,0.889,11,2.259,0.531,1.146,23.98
Rockin' Around The Christmas Tree - Brenda Lee,Rockin' Around The Christmas Tree,Brenda Lee,album,False,0,1,10.2,10.2,2.0,17.0,21,4.0,0.0,5.78,23.97
GODS - League of Legends & NewJeans,GODS,League of Legends & NewJeans,single,False,24,25,2.28,9.0,3.2,2.52,4,4.44,0.49,0.917,23.92
plot twist - TWS,plot twist,TWS,single,False,18,19,4.614,14.0,4.842,5.632,8,6.842,0.367,1.856,23.88
Who (Acoustic Remix) - Jimin,Who (Acoustic Remix),Jimin,album,False,27,28,0.714,13.0,2.214,1.25,18,3.464,0.551,0.405,23.77
Supernatural (Instrumental) - NewJeans,Supernatural (Instrumental),NewJeans,single,False,0,1,23.6,23.6,5.0,0.0,17,6.0,0.0,9.492,23.74
To. X - TAEYEON,To. X,TAEYEON,single,False,23,24,1.995,41.0,1.417,3.292,12,6.417,0.469,0.802,23.44
Who (Rock Remix) - Jimin,Who (Rock Remix),Jimin,album,False,26,27,0.844,12.6,2.556,1.593,16,3.741,0.531,0.478,23.36
My Love Mine All Mine - Mitski,My Love Mine All Mine,Mitski,album,False,19,20,3.041,11.4,1.05,5.7,31,4.05,0.388,1.723,23.17
MILLION DOLLAR BABY - Tommy Richman,MILLION DOLLAR BABY,Tommy Richman,single,False,15,16,8.362,36.8,5.375,2.938,12,7.375,0.306,3.363,23.02
Time of Our Life -Japanese ver.- - Japanese ver. - DAY6,Time of Our Life -Japanese ver.- - Japanese ver.,DAY6,single,False,22,23,1.456,8.4,1.913,4.348,25,4.435,0.449,0.586,22.93
3D (feat. Jack Harlow) - Jung Kook & Jack Harlow,3D (feat. Jack Harlow),Jung Kook & Jack Harlow,album,True,24,25,2.976,35.6,3.48,0.0,2,4.48,0.49,1.686,22.58
Closer to You (feat. Major Lazer) - Jung Kook,Closer to You (feat. Major Lazer),Jung Kook,album,False,26,27,0.637,4.8,1.148,0.37,10,2.222,0.531,0.361,22.16
Fry’s Dream - AKMU,Fry’s Dream,AKMU,single,False,14,15,4.621,13.4,1.067,7.533,18,3.533,0.286,1.859,22.15
Face-off - Jimin,Face-off,Jimin,single,True,17,18,2.885,23.0,17.667,6.5,5,22.444,0.347,1.16,22.02
Slow Dancing - V,Slow Dancing,V,single,False,23,24,0.963,6.4,5.458,2.708,4,9.708,0.469,0.387,21.93
Yes or No - Jung Kook,Yes or No,Jung Kook,album,False,22,23,2.503,36.0,4.565,1.783,7,7.783,0.449,1.418,21.91
Love Lee - AKMU,Love Lee,AKMU,single,False,14,15,7.173,44.2,3.667,4.0,8,5.467,0.286,2.885,21.87
Do or Die - Lim Young Woong,Do or Die,Lim Young Woong,single,False,17,18,3.657,21.5,19.222,5.278,6,21.556,0.347,1.471,21.81
Welcome to the Show - DAY6,Welcome to the Show,DAY6,album,False,18,19,3.615,33.2,3.0,4.211,22,5.105,0.367,2.048,21.72
VIBE (feat. Jimin of BTS) - TAEYANG,VIBE (feat. Jimin of BTS),TAEYANG,album,False,25,26,0.588,3.4,1.231,0.885,28,2.654,0.51,0.333,21.71
"Angel Pt. 1 (feat. Jimin of BTS, JVKE & Muni Long) - Trailer Version - Fast & Furious: The Fast Saga & Jimin & BTS","Angel Pt. 1 (feat. Jimin of BTS, JVKE & Muni Long) - Trailer Version",Fast & Furious: The Fast Saga & Jimin & BTS,single,False,18,19,3.026,11.8,2.895,4.421,10,4.579,0.367,1.217,21.3
EASY - LE SSERAFIM,EASY,LE SSERAFIM,single,False,25,26,0.485,10.0,4.115,0.423,3,5.385,0.51,0.195,21.24
If We Ever Meet Again - Lim Young Woong,If We Ever Meet Again,Lim Young Woong,album,False,14,15,1.02,7.4,23.467,10.533,12,33.467,0.286,0.578,20.95
Christmas Tree - V,Christmas Tree,V,single,False,14,15,2.393,7.2,1.6,7.8,16,4.8,0.286,0.963,20.13
If I have you only (My love X Nerd Connection) - Nerd Connection,If I have you only (My love X Nerd Connection),Nerd Connection,single,False,20,21,1.132,5.3,0.857,3.0,31,2.667,0.408,0.455,19.88
You & Me - JENNIE,You & Me,JENNIE,single,False,23,24,0.892,5.6,1.583,0.042,4,2.625,0.469,0.359,19.71
You Were Beautiful - DAY6,You Were Beautiful,DAY6,album,False,21,22,0.862,7.2,0.909,1.955,26,2.727,0.429,0.489,19.59
Lucky Girl Syndrome - ILLIT,Lucky Girl Syndrome,ILLIT,single,False,16,17,2.779,14.2,1.824,4.353,21,3.353,0.327,1.118,19.37
Sudden Shower - ECLIPSE,Sudden Shower,ECLIPSE,single,False,16,17,2.343,15.0,2.294,4.588,26,4.529,0.327,0.942,19.12
Alone - Jimin,Alone,Jimin,single,False,15,16,2.139,21.2,17.125,5.688,5,25.375,0.306,0.861,18.98
We got so much - LE SSERAFIM,We got so much,LE SSERAFIM,single,False,0,1,9.2,9.2,2.0,12.0,25,4.0,0.0,3.7,18.93
Sticky - KISS OF LIFE,Sticky,KISS OF LIFE,single,False,16,17,4.632,14.2,4.824,1.412,6,6.412,0.327,1.863,18.86
Like Crazy - Jimin,Like Crazy,Jimin,single,False,1,2,6.55,11.3,274.0,14.0,1,276.5,0.02,2.635,18.69
For Us - V,For Us,V,single,False,22,23,0.602,5.2,1.826,0.087,10,3.087,0.449,0.242,18.63
Right Now (Instrumental) - NewJeans,Right Now (Instrumental),NewJeans,single,False,0,1,18.4,18.4,1.0,0.0,46,2.0,0.0,7.401,18.51
Standing Next to You (Usher Remix) - Jung Kook & USHER,Standing Next to You (Usher Remix),Jung Kook & USHER,single,False,22,23,0.035,0.8,1.174,0.348,15,2.478,0.449,0.014,18.27
Haegeum - Agust D,Haegeum,Agust D,album,False,15,16,1.299,6.0,4.562,5.688,25,9.312,0.306,0.736,18.14
Grain of Sand - Lim Young Woong,Grain of Sand,Lim Young Woong,single,False,12,13,1.222,2.65,25.923,8.769,7,39.615,0.245,0.491,18.1
Lilith (feat. SUGA of BTS) (Diablo IV Anthem) - Halsey & SUGA,Lilith (feat. SUGA of BTS) (Diablo IV Anthem),Halsey & SUGA,single,True,16,17,2.065,15.0,2.235,3.588,17,4.706,0.327,0.831,18.03
Armageddon - aespa,Armageddon,aespa,album,False,15,16,3.3,18.2,9.812,3.0,4,11.125,0.306,1.87,17.98
BIRDS OF A FEATHER - Billie Eilish,BIRDS OF A FEATHER,Billie Eilish,album,False,13,14,2.558,5.4,10.0,5.857,15,13.214,0.265,1.449,17.91
Blue - V,Blue,V,single,False,21,22,0.605,5.2,1.955,0.136,10,3.045,0.429,0.243,17.86
Polaroid - Lim Young Woong,Polaroid,Lim Young Woong,single,False,11,12,0.546,1.533,28.333,9.833,10,42.25,0.224,0.22,17.46
Fast Forward - JEON SOMI,Fast Forward,JEON SOMI,single,False,14,15,3.306,28.4,2.667,3.333,10,5.067,0.286,1.33,17.44
Espresso - Sabrina Carpenter,Espresso,Sabrina Carpenter,single,True,17,18,1.06,2.3,7.111,2.833,11,9.778,0.347,0.426,17.23
Walk - NCT 127,Walk,NCT 127,album,False,0,1,4.867,4.867,6.0,15.0,27,10.0,0.0,2.758,16.99
Last Christmas - Single Version - Wham!,Last Christmas - Single Version,Wham!,album,False,1,2,4.35,8.7,2.0,14.5,13,4.0,0.02,2.465,16.88
FRI(END)S - V,FRI(END)S,V,single,False,20,21,0.4,4.8,4.524,0.19,9,5.714,0.408,0.161,16.88
Boom Boom Bass - RIIZE,Boom Boom Bass,RIIZE,album,False,17,18,2.218,26.8,3.944,0.722,12,5.278,0.347,1.257,16.69
Pump Up The Volume! - PLAVE,Pump Up The Volume!,PLAVE,single,False,17,18,1.367,15.0,1.056,1.722,13,2.222,0.347,0.55,16.64
Bubble Gum - NewJeans,Bubble Gum,NewJeans,single,False,19,20,0.835,2.5,4.9,0.35,3,6.4,0.388,0.336,16.63
Take Two - BTS,Take Two,BTS,single,False,16,17,0.657,3.2,5.471,3.588,5,9.118,0.327,0.264,16.62
Here With Me - d4vd,Here With Me,d4vd,single,False,11,12,3.312,21.8,1.0,5.167,30,4.167,0.224,1.332,16.48
Midas Touch - KISS OF LIFE,Midas Touch,KISS OF LIFE,single,False,16,17,2.259,13.8,2.882,1.294,9,4.588,0.327,0.909,16.38
Small girl (feat. D.O.) - Lee Young Ji,Small girl (feat. D.O.),Lee Young Ji,single,False,16,17,1.366,6.567,3.765,2.412,4,5.471,0.327,0.549,16.38
"Steal The Show - From ""Elemental"" - Lauv","Steal The Show - From ""Elemental""",Lauv,single,False,15,16,1.094,3.2,4.0,3.75,8,6.562,0.306,0.44,16.37
"Eve, Psyche & The Bluebeard’s wife - LE SSERAFIM","Eve, Psyche & The Bluebeard’s wife",LE SSERAFIM,album,False,11,12,1.449,2.8,4.833,7.083,9,10.917,0.224,0.821,16.15
Girls Never Die - tripleS,Girls Never Die,tripleS,album,False,14,15,1.601,11.0,1.133,3.667,14,3.067,0.286,0.907,16.0
Santa Tell Me - Ariana Grande,Santa Tell Me,Ariana Grande,single,False,0,1,1.4,1.4,2.0,18.0,11,11.0,0.0,0.563,15.92
Please Please Please - Sabrina Carpenter,Please Please Please,Sabrina Carpenter,single,True,16,17,1.588,14.6,1.824,1.471,16,3.294,0.327,0.639,15.84
Too Sad to Dance - Jung Kook,Too Sad to Dance,Jung Kook,album,False,16,17,2.388,34.4,1.412,0.412,10,2.471,0.327,1.353,15.8
"yes, and? - Ariana Grande","yes, and?",Ariana Grande,single,True,14,15,1.927,10.2,1.4,3.0,13,2.867,0.286,0.775,15.79
Warmth - Lim Young Woong,Warmth,Lim Young Woong,single,False,12,13,4.349,25.2,13.462,2.0,11,15.0,0.245,1.749,15.78
Love 119 - RIIZE,Love 119,RIIZE,single,False,16,17,1.953,6.8,5.118,0.824,8,6.235,0.327,0.786,15.69
アイドル - YOASOBI,アイドル,YOASOBI,single,False,13,14,0.614,2.689,2.929,5.357,7,8.429,0.265,0.247,15.55
Kill It - aespa,Kill It,aespa,single,False,0,1,8.2,8.2,2.0,9.0,21,4.0,0.0,3.298,15.51
Stay With Me (Feat. Skinny Brown) - ASH ISLAND,Stay With Me (Feat. Skinny Brown),ASH ISLAND,single,False,0,1,8.2,8.2,1.0,9.0,26,3.0,0.0,3.298,15.51
Not Like Us - Kendrick Lamar,Not Like Us,Kendrick Lamar,single,True,17,18,0.477,3.4,1.222,1.389,24,2.944,0.347,0.192,15.48
Still With You - Jung Kook,Still With You,Jung Kook,single,False,16,17,0.96,4.4,3.765,1.765,8,6.412,0.327,0.386,15.45
Home - Lim Young Woong,Home,Lim Young Woong,single,False,11,12,4.594,24.0,14.333,2.167,12,15.917,0.224,1.848,15.35
wherever u r (ft. V of BTS) - UMI & V,wherever u r (ft. V of BTS),UMI & V,single,False,12,13,3.391,35.6,1.615,2.615,14,5.308,0.245,1.364,15.32
Spring Snow - 10CM,Spring Snow,10CM,single,False,16,17,0.635,6.2,0.059,2.0,30,1.294,0.327,0.256,15.31
"Angel Pt. 2 (feat. Jimin of BTS, Charlie Puth and Muni Long) - Fast & Furious: The Fast Saga & Jimin & BTS","Angel Pt. 2 (feat. Jimin of BTS, Charlie Puth and Muni Long)",Fast & Furious: The Fast Saga & Jimin & BTS,single,False,18,19,0.453,8.0,2.316,0.105,5,3.421,0.367,0.182,15.23
Shot Glass of Tears - Jung Kook,Shot Glass of Tears,Jung Kook,album,False,15,16,2.875,34.4,1.688,0.0,13,2.688,0.306,1.629,15.14
Taste - Sabrina Carpenter,Taste,Sabrina Carpenter,album,False,16,17,0.604,4.867,0.176,1.765,29,1.471,0.327,0.342,15.09
Smart - LE SSERAFIM,Smart,LE SSERAFIM,single,False,17,18,0.523,4.8,4.611,0.833,9,6.444,0.347,0.21,15.08
CRAZY - LE SSERAFIM,CRAZY,LE SSERAFIM,album,False,12,13,5.2,13.6,5.385,0.0,4,6.385,0.245,2.946,15.03
Let's Say Goodbye - Parc Jae Jung,Let's Say Goodbye,Parc Jae Jung,album,False,15,16,0.898,3.2,1.875,2.25,30,4.875,0.306,0.509,14.96
MEOW - MEOVV,MEOW,MEOVV,single,False,14,15,3.133,14.2,2.133,0.467,8,3.2,0.286,1.26,14.96
Standing Next to You - Jung Kook,Standing Next to You,Jung Kook,album,False,12,13,4.801,39.2,8.538,0.385,3,29.462,0.245,2.721,14.94
Memories - RIIZE,Memories,RIIZE,single,False,16,17,0.988,6.0,1.294,0.941,24,2.529,0.327,0.397,14.81
Seven (feat. Latto) (Explicit Ver.) - Jung Kook,Seven (feat. Latto) (Explicit Ver.),Jung Kook,album,True,11,12,5.392,35.6,30.667,0.25,1,32.0,0.224,3.055,14.6
"Smoke (Prod. Dynamicduo, Padi) - Various Artists","Smoke (Prod. Dynamicduo, Padi)",Various Artists,single,False,13,14,3.386,12.4,1.571,0.714,18,3.286,0.265,1.362,14.59
Super - SEVENTEEN,Super,SEVENTEEN,single,False,14,15,1.236,18.2,2.8,2.267,13,5.267,0.286,0.497,14.5
My Name is Malguem - QWER,My Name is Malguem,QWER,single,False,12,13,2.118,5.56,2.923,3.077,8,4.923,0.245,0.852,14.41
Bam Yang Gang - BIBI,Bam Yang Gang,BIBI,single,False,14,15,0.514,4.914,3.467,2.933,4,5.0,0.286,0.207,14.31
Supernova - aespa,Supernova,aespa,album,False,13,14,3.2,12.0,12.571,0.571,1,13.857,0.265,1.813,14.29
SOS - KANGDANIEL,SOS,KANGDANIEL,single,False,15,16,0.972,6.0,1.5,1.312,24,3.062,0.306,0.391,14.28
CARNIVAL - ¥$ & Kanye West & Ty Dolla $ign,CARNIVAL,¥$ & Kanye West & Ty Dolla $ign,album,True,3,4,9.95,39.8,2.25,2.25,24,3.5,0.061,5.638,14.27
I AM - IVE,I AM,IVE,album,False,12,13,0.381,1.6,5.385,5.0,2,12.231,0.245,0.216,14.21
London Boy - Lim Young Woong,London Boy,Lim Young Woong,single,False,13,14,0.18,0.663,18.857,4.214,5,37.143,0.265,0.072,14.19
Die With A Smile - Lady Gaga & Bruno Mars,Die With A Smile,Lady Gaga & Bruno Mars,single,False,12,13,1.646,5.978,3.308,3.231,10,7.923,0.245,0.662,14.06
SPOT! - ZICO & JENNIE,SPOT!,ZICO & JENNIE,single,False,15,16,1.272,3.2,3.938,0.562,2,5.438,0.306,0.512,13.98
Love wins all - IU,Love wins all,IU,single,False,16,17,0.518,6.0,3.235,0.471,6,4.882,0.327,0.208,13.96
double take - Dhruv,double take,Dhruv,album,False,14,15,0.94,3.3,0.6,1.933,30,2.067,0.286,0.533,13.93
Queencard - (G)I-DLE,Queencard,(G)I-DLE,single,False,13,14,0.991,2.0,3.071,2.857,4,8.5,0.265,0.398,13.91
踊り子 - Vaundy,踊り子,Vaundy,album,False,16,17,0.647,1.2,3.588,0.235,14,5.0,0.327,0.367,13.9
"Boys Like Girls (Feat. Gist, Jayci yucca) - Leellamarz","Boys Like Girls (Feat. Gist, Jayci yucca)",Leellamarz,album,False,0,1,10.6,10.6,2.0,4.0,33,5.0,0.0,6.006,13.89
Bling-Bang-Bang-Born - Creepy Nuts,Bling-Bang-Bang-Born,Creepy Nuts,single,False,14,15,0.65,6.0,1.267,2.2,34,2.867,0.286,0.261,13.86
Christmas Love - Jimin,Christmas Love,Jimin,single,False,16,17,0.242,3.4,0.353,0.647,24,1.706,0.327,0.097,13.83
HEYA - IVE,HEYA,IVE,single,False,13,14,3.129,10.2,3.286,0.071,9,4.357,0.265,1.258,13.82
Baddie - IVE,Baddie,IVE,single,False,15,16,0.85,13.6,2.688,0.875,10,3.875,0.306,0.342,13.81
Right Now - NewJeans,Right Now,NewJeans,single,False,14,15,2.247,29.6,2.667,0.067,4,3.8,0.286,0.904,13.74
FLOWER - JISOO,FLOWER,JISOO,single,False,14,15,0.6,5.1,1.467,2.067,17,2.933,0.286,0.241,13.7
STUPID IN LOVE (feat. HUH YUNJIN of LE SSERAFIM) - MAX,STUPID IN LOVE (feat. HUH YUNJIN of LE SSERAFIM),MAX,album,False,14,15,0.827,5.0,0.8,1.733,28,2.067,0.286,0.468,13.66
vampire - Olivia Rodrigo,vampire,Olivia Rodrigo,single,True,14,15,1.733,5.2,1.333,0.533,21,2.533,0.286,0.697,13.6
Talk Saxy - RIIZE,Talk Saxy,RIIZE,single,False,14,15,1.193,15.5,0.2,1.133,26,1.467,0.286,0.48,13.54
V (Peace) (feat. AKMU) - Zion.T,V (Peace) (feat. AKMU),Zion.T,album,False,0,1,3.0,3.0,0.0,13.0,36,4.0,0.0,1.7,13.5
Cool With You - NewJeans,Cool With You,NewJeans,single,False,16,17,0.324,4.8,3.941,0.059,4,5.059,0.327,0.13,13.43
Like Crazy (Deep House Remix) - Jimin,Like Crazy (Deep House Remix),Jimin,single,False,13,14,1.007,4.8,0.5,2.214,33,2.0,0.265,0.405,13.41
Standing Next to You (USHER Remix) - Jung Kook & USHER,Standing Next to You (USHER Remix),Jung Kook & USHER,single,False,2,3,5.0,15.0,3.667,8.333,21,5.0,0.041,2.011,13.38
Seven (feat. Latto) (Explicit Ver.) - Jung Kook & Latto,Seven (feat. Latto) (Explicit Ver.),Jung Kook & Latto,single,True,16,17,0.141,2.0,5.412,0.0,1,6.412,0.327,0.057,13.2
Supernatural - NewJeans,Supernatural,NewJeans,single,False,12,13,3.292,30.8,11.077,0.0,1,12.077,0.245,1.324,13.11
Wife - (G)I-DLE,Wife,(G)I-DLE,album,False,13,14,0.376,2.667,0.857,2.5,20,2.571,0.265,0.213,13.01
Spicy - aespa,Spicy,aespa,single,False,12,13,0.483,1.6,3.923,3.385,3,9.231,0.245,0.194,13.01
Kitsch - IVE,Kitsch,IVE,album,False,14,15,0.057,0.695,2.667,1.8,9,6.133,0.286,0.033,12.94
Impossible - RIIZE,Impossible,RIIZE,single,False,14,15,0.453,3.0,1.133,1.267,11,2.667,0.286,0.182,12.91
Promise - Jimin,Promise,Jimin,single,False,14,15,0.38,1.8,0.467,1.333,31,2.333,0.286,0.153,12.89
Never Let Go - Jung Kook,Never Let Go,Jung Kook,single,False,14,15,1.367,6.0,4.467,0.067,9,5.867,0.286,0.55,12.86
My You - Jung Kook,My You,Jung Kook,single,False,15,16,0.292,2.4,0.688,0.375,16,1.875,0.306,0.117,12.84
Nest - Lim Young Woong,Nest,Lim Young Woong,album,False,15,16,0.112,1.2,0.812,0.5,37,2.25,0.306,0.064,12.76
Steady - NCT WISH,Steady,NCT WISH,album,False,1,2,6.2,12.4,1.0,7.0,25,2.5,0.02,3.513,12.7
I stan U - IU,I stan U,IU,single,False,0,1,5.4,5.4,2.0,9.0,25,4.0,0.0,2.172,12.69
Supersonic - fromis_9,Supersonic,fromis_9,single,False,12,13,0.513,2.6,4.077,2.923,10,8.077,0.245,0.207,12.67
DASH - NMIXX,DASH,NMIXX,album,False,13,14,0.324,3.029,2.214,2.071,20,3.857,0.265,0.183,12.61
Magnetic - ILLIT,Magnetic,ILLIT,single,False,12,13,2.181,3.6,17.462,0.692,1,18.769,0.245,0.877,12.55
Slow Dancing (Piano Ver.) - V,Slow Dancing (Piano Ver.),V,single,False,14,15,0.927,5.2,2.8,0.2,13,4.0,0.286,0.373,12.52
DIE 4 YOU - DEAN,DIE 4 YOU,DEAN,single,False,12,13,2.385,30.0,0.923,0.385,7,2.154,0.245,0.959,12.5
Love You With All My Heart - Crush,Love You With All My Heart,Crush,single,False,14,15,0.253,3.4,1.067,1.0,19,2.267,0.286,0.102,12.49
Dance The Night (From Barbie The Album) - Dua Lipa,Dance The Night (From Barbie The Album),Dua Lipa,single,False,14,15,0.427,3.6,0.067,0.667,41,1.2,0.286,0.172,12.4
Cupid - Twin Ver. - FIFTY FIFTY,Cupid - Twin Ver.,FIFTY FIFTY,single,False,14,15,0.533,4.8,3.267,0.533,10,4.333,0.286,0.215,12.4
Melt Down - DAY6,Melt Down,DAY6,album,False,14,15,0.933,6.4,3.4,0.0,11,4.4,0.286,0.529,12.37
NEMONEMO - YENA,NEMONEMO,YENA,single,False,11,12,1.23,8.8,0.417,2.417,31,2.0,0.224,0.495,12.17
"How can I love the heartbreak, you're the one I love - AKMU","How can I love the heartbreak, you're the one I love",AKMU,album,False,14,15,0.207,2.7,1.067,0.6,34,2.2,0.286,0.117,12.12
"LOVE, MONEY, FAME (feat. DJ Khaled) - SEVENTEEN","LOVE, MONEY, FAME (feat. DJ Khaled)",SEVENTEEN,single,False,0,1,8.8,8.8,13.0,4.0,13,15.0,0.0,3.54,12.08
Cosmic - Red Velvet,Cosmic,Red Velvet,single,False,12,13,1.185,13.8,0.769,1.308,18,1.923,0.245,0.476,12.04
Fortnight (feat. Post Malone) - Taylor Swift,Fortnight (feat. Post Malone),Taylor Swift,album,False,14,15,0.413,3.6,1.733,0.2,9,2.867,0.286,0.234,12.01
Holssi - IU,Holssi,IU,single,False,13,14,0.771,10.8,1.0,0.714,11,2.071,0.265,0.31,11.96
LUNCH - Billie Eilish,LUNCH,Billie Eilish,album,False,13,14,0.291,4.067,0.643,1.286,12,2.071,0.265,0.165,11.94
New Woman (feat. ROSALÍA) - LISA & ROSALÍA,New Woman (feat. ROSALÍA),LISA & ROSALÍA,single,False,13,14,0.952,13.333,0.857,0.429,16,2.071,0.265,0.383,11.92
OMG (FRNK Remix) - NewJeans,OMG (FRNK Remix),NewJeans,album,False,0,1,6.2,6.2,0.0,7.0,43,2.0,0.0,3.513,11.88
Either Way - IVE,Either Way,IVE,single,False,13,14,0.824,3.6,1.5,0.5,10,2.714,0.265,0.331,11.84
Interlude : Showtime - Jimin,Interlude : Showtime,Jimin,album,False,12,13,0.779,2.4,6.154,1.538,8,9.923,0.245,0.442,11.82
Love Me Again - V,Love Me Again,V,single,False,11,12,1.075,2.4,36.917,2.167,3,38.917,0.224,0.432,11.81
Sunflower - Spider-Man: Into the Spider-Verse - Post Malone,Sunflower - Spider-Man: Into the Spider-Verse,Post Malone,album,False,13,14,0.186,2.0,0.214,1.214,31,1.643,0.265,0.105,11.78
Cherish (My Love) - ILLIT,Cherish (My Love),ILLIT,single,False,12,13,0.681,7.9,1.308,1.538,8,2.769,0.245,0.274,11.72
Klaxon - (G)I-DLE,Klaxon,(G)I-DLE,single,False,14,15,0.07,0.9,0.067,0.267,36,1.467,0.286,0.028,11.71
we can't be friends (wait for your love) - Ariana Grande,we can't be friends (wait for your love),Ariana Grande,album,False,13,14,0.971,5.6,3.071,0.143,15,4.214,0.265,0.55,11.7
UNFORGIVEN (feat. Nile Rodgers) - LE SSERAFIM,UNFORGIVEN (feat. Nile Rodgers),LE SSERAFIM,album,False,12,13,0.321,0.8,4.0,1.923,2,7.923,0.245,0.182,11.67
The Planet - BTS,The Planet,BTS,single,False,14,15,0.173,2.2,1.667,0.067,18,2.733,0.286,0.07,11.66
Baggy Jeans - NCT,Baggy Jeans,NCT,album,False,14,15,0.16,2.4,0.6,0.0,23,1.6,0.286,0.091,11.59
"Earth, Wind & Fire - BOYNEXTDOOR","Earth, Wind & Fire",BOYNEXTDOOR,album,False,11,12,1.433,17.2,1.0,1.333,21,2.083,0.224,0.812,11.5
PALISADE - YANGHONGWON,PALISADE,YANGHONGWON,album,False,0,1,5.8,5.8,0.0,7.0,42,2.0,0.0,3.286,11.48
How Sweet - NewJeans,How Sweet,NewJeans,single,False,12,13,1.538,4.4,13.154,0.0,1,14.154,0.245,0.619,11.34
"Yes or No (Feat. 허윤진 of LE SSERAFIM, Crush) - GroovyRoom & HUH YUNJIN","Yes or No (Feat. 허윤진 of LE SSERAFIM, Crush)",GroovyRoom & HUH YUNJIN,single,False,13,14,0.471,1.6,2.429,0.286,14,3.714,0.265,0.19,11.32
Like Crazy (UK Garage Remix) - Jimin,Like Crazy (UK Garage Remix),Jimin,single,False,10,11,1.173,4.8,0.636,2.455,35,2.273,0.204,0.472,11.32
i like the way you kiss me - Artemas,i like the way you kiss me,Artemas,single,False,0,1,4.8,4.8,0.0,8.0,42,2.0,0.0,1.931,11.28
Igloo - KISS OF LIFE,Igloo,KISS OF LIFE,single,False,12,13,0.289,2.36,1.0,1.462,14,2.538,0.245,0.116,11.27
ABCD - NAYEON,ABCD,NAYEON,album,False,12,13,0.831,10.8,0.923,0.462,26,2.0,0.245,0.471,11.0
Set Me Free Pt.2 - Jimin,Set Me Free Pt.2,Jimin,single,True,12,13,0.358,1.6,28.308,1.0,4,32.923,0.245,0.144,10.96
I'll Be There - Jin,I'll Be There,Jin,single,False,12,13,0.363,3.2,0.538,0.923,6,1.923,0.245,0.146,10.91
Get Up - NewJeans,Get Up,NewJeans,single,False,13,14,0.286,4.0,1.714,0.0,8,2.714,0.265,0.115,10.9
Kill Bill - SZA,Kill Bill,SZA,album,False,12,13,0.148,0.6,0.769,1.154,40,3.308,0.245,0.084,10.88
ASAP - NewJeans,ASAP,NewJeans,single,False,13,14,0.257,3.6,2.143,0.0,7,3.143,0.265,0.103,10.87
Siren - RIIZE,Siren,RIIZE,single,False,12,13,0.813,5.6,0.923,0.308,8,2.462,0.245,0.327,10.86
I will come to you - Jin,I will come to you,Jin,single,False,1,2,3.175,3.2,2.0,8.5,25,5.0,0.02,1.277,10.86
Like Crazy (English Version) - Jimin,Like Crazy (English Version),Jimin,single,False,12,13,0.118,0.422,23.077,1.154,2,32.923,0.245,0.047,10.84
Midnight Fiction - ILLIT,Midnight Fiction,ILLIT,single,False,13,14,0.114,1.6,0.071,0.143,24,1.214,0.265,0.046,10.84
Bite Me - ENHYPEN,Bite Me,ENHYPEN,single,False,10,11,1.491,16.0,1.0,1.455,23,2.091,0.204,0.6,10.84
Be Mine - Jimin,Be Mine,Jimin,album,False,12,13,0.435,1.6,7.846,0.692,2,9.923,0.245,0.246,10.79
The First Snow - EXO,The First Snow,EXO,single,False,0,1,1.1,1.1,6.0,12.0,19,15.0,0.0,0.442,10.78
Jealousyvalhalla - YANGHONGWON,Jealousyvalhalla,YANGHONGWON,single,False,1,2,9.5,19.0,1.0,0.5,16,2.5,0.02,3.821,10.77
3D (feat. Jack Harlow) - Jung Kook,3D (feat. Jack Harlow),Jung Kook,album,True,12,13,0.157,0.6,18.846,1.0,3,23.615,0.245,0.089,10.76
Whiplash - aespa,Whiplash,aespa,single,False,12,13,0.615,7.6,1.692,0.308,3,2.769,0.245,0.248,10.66
See that? - NMIXX,See that?,NMIXX,single,False,12,13,0.282,3.667,0.154,0.692,21,1.846,0.245,0.113,10.64
Rebirth (Intro) - Jimin,Rebirth (Intro),Jimin,album,False,12,13,0.282,1.8,6.692,0.692,7,9.923,0.245,0.16,10.64
i wonder... (with Jung Kook of BTS) - j-hope,i wonder... (with Jung Kook of BTS),j-hope,single,False,13,14,0.0,0.0,0.0,0.0,21,1.0,0.265,0.0,10.61
ANTIFRAGILE - LE SSERAFIM,ANTIFRAGILE,LE SSERAFIM,album,False,12,13,0.307,0.8,1.077,0.615,26,3.846,0.245,0.174,10.6
Swan Song - LE SSERAFIM,Swan Song,LE SSERAFIM,single,False,12,13,0.508,6.6,0.615,0.231,15,1.692,0.245,0.204,10.49
Who - Jimin,Who,Jimin,album,False,12,13,0.677,4.4,8.923,0.0,1,9.923,0.245,0.384,10.48
S-Class - Stray Kids,S-Class,Stray Kids,album,False,11,12,0.575,6.4,0.083,1.083,16,2.583,0.224,0.326,10.43
APT. - ROSÉ & Bruno Mars,APT.,ROSÉ & Bruno Mars,single,False,12,13,0.615,7.6,2.0,0.0,2,3.0,0.245,0.248,10.41
God of Music - SEVENTEEN,God of Music,SEVENTEEN,album,False,3,4,7.9,31.6,1.75,0.0,18,2.75,0.061,4.476,10.39
Snowman - Sia,Snowman,Sia,album,False,1,2,1.5,3.0,2.0,10.0,14,5.0,0.02,0.85,10.39
Better Things - aespa,Better Things,aespa,single,False,11,12,0.989,11.867,1.417,0.5,30,2.667,0.224,0.398,10.38
UP - KARINA Solo - aespa,UP - KARINA Solo,aespa,single,False,11,12,1.233,8.0,2.917,0.167,4,4.0,0.224,0.496,10.35
My Starry Love - Lim Young Woong,My Starry Love,Lim Young Woong,single,False,12,13,0.064,0.833,0.846,0.538,38,2.308,0.245,0.026,10.29
Winter Bear - V,Winter Bear,V,single,False,9,10,2.84,28.4,0.2,0.0,22,1.2,0.184,1.142,10.2
Snow Flower (feat. Peakboy) - V,Snow Flower (feat. Peakboy),V,single,False,9,10,2.8,28.0,0.2,0.0,25,1.2,0.184,1.126,10.16
Thirsty - aespa,Thirsty,aespa,single,False,11,12,0.094,0.833,0.917,1.333,17,3.917,0.224,0.038,10.15
Smeraldo Garden Marching Band (feat. Loco) - Jimin,Smeraldo Garden Marching Band (feat. Loco),Jimin,album,False,12,13,0.338,4.4,8.923,0.0,3,9.923,0.245,0.192,10.14
愛を伝えたいだとか - Aimyon,愛を伝えたいだとか,Aimyon,album,False,12,13,0.062,0.4,1.154,0.308,32,2.615,0.245,0.035,10.11
After LIKE - IVE,After LIKE,IVE,single,False,11,12,0.232,0.967,1.583,1.083,30,4.0,0.224,0.093,10.09
Slow Dance (feat. Sofia Carson) - Jimin,Slow Dance (feat. Sofia Carson),Jimin,album,False,12,13,0.09,0.6,8.231,0.154,6,9.923,0.245,0.051,10.01
Scenery - V,Scenery,V,single,False,9,10,2.64,26.4,0.2,0.0,23,1.2,0.184,1.062,10.0
WAY 4 LUV - PLAVE,WAY 4 LUV,PLAVE,single,False,1,2,3.5,4.0,3.5,7.0,41,6.0,0.02,1.408,9.98
Super Lady - (G)I-DLE,Super Lady,(G)I-DLE,album,False,12,13,0.031,0.4,0.077,0.0,32,1.077,0.245,0.017,9.83
Rockstar - LISA,Rockstar,LISA,single,True,12,13,0.031,0.4,0.462,0.0,31,1.462,0.245,0.012,9.83
Smeraldo Garden Marching Band (feat. Loco) - Jimin & Loco,Smeraldo Garden Marching Band (feat. Loco),Jimin & Loco,single,False,12,13,0.031,0.4,0.538,0.0,2,1.538,0.245,0.012,9.83
3D (Alternate Ver.) - Jung Kook & Jack Harlow,3D (Alternate Ver.),Jung Kook & Jack Harlow,album,False,11,12,0.194,2.333,0.417,0.75,5,1.667,0.224,0.11,9.78
NIGHT DANCER - imase,NIGHT DANCER,imase,album,False,11,12,0.449,1.2,1.5,0.417,12,4.0,0.224,0.254,9.77
3D (Justin Timberlake Remix) - Jung Kook & Justin Timberlake,3D (Justin Timberlake Remix),Jung Kook & Justin Timberlake,single,False,3,4,7.1,28.4,0.5,0.0,21,1.5,0.061,2.856,9.59
Mantra - JENNIE,Mantra,JENNIE,single,True,11,12,0.088,1.05,2.5,0.583,2,3.833,0.224,0.035,9.54
My World - ILLIT,My World,ILLIT,single,False,11,12,0.3,3.6,0.167,0.167,29,1.25,0.224,0.121,9.42
Off The Record - IVE,Off The Record,IVE,single,False,9,10,0.98,9.8,1.7,1.3,19,2.8,0.184,0.394,9.38
Seven (feat. Latto) (Summer Mix) - Jung Kook & Latto,Seven (feat. Latto) (Summer Mix),Jung Kook & Latto,single,False,1,2,2.434,4.467,0.5,7.5,12,3.0,0.02,0.979,9.31
Cupid - FIFTY FIFTY,Cupid,FIFTY FIFTY,single,False,11,12,0.022,0.2,1.583,0.25,15,4.333,0.224,0.009,9.2
MAESTRO - SEVENTEEN,MAESTRO,SEVENTEEN,album,False,11,12,0.083,1.0,0.0,0.083,14,1.083,0.224,0.047,9.13
luther (with sza) - Kendrick Lamar,luther (with sza),Kendrick Lamar,album,False,0,1,6.6,6.6,1.0,3.0,20,3.0,0.0,3.74,9.06
With you - Jimin & HA SUNG WOON,With you,Jimin & HA SUNG WOON,single,False,10,11,0.075,0.825,0.273,1.0,20,2.0,0.204,0.03,9.05
AK47 - Men's Tear & 뷰티풀너드,AK47,Men's Tear & 뷰티풀너드,single,False,11,12,0.033,0.4,1.0,0.0,20,2.0,0.224,0.013,9.01
Sugarcoat (NATTY Solo) - KISS OF LIFE,Sugarcoat (NATTY Solo),KISS OF LIFE,single,False,9,10,0.16,1.6,0.0,1.8,26,1.7,0.184,0.064,8.96
TOO MUCH - The Kid LAROI & Jung Kook & Central Cee,TOO MUCH,The Kid LAROI & Jung Kook & Central Cee,single,True,10,11,0.455,5.0,0.636,0.091,3,1.909,0.204,0.183,8.69
"St. Chroma (feat. Daniel Caesar) - Tyler, The Creator",St. Chroma (feat. Daniel Caesar),"Tyler, The Creator",album,True,0,1,4.6,4.6,0.0,5.0,30,2.0,0.0,2.606,8.66
Allergy - (G)I-DLE,Allergy,(G)I-DLE,single,False,10,11,0.327,3.6,1.273,0.0,17,2.273,0.204,0.132,8.49
"Flights, Not Feelings - aespa","Flights, Not Feelings",aespa,single,False,0,1,3.6,3.6,0.0,6.0,35,2.0,0.0,1.448,8.46
"If I’m S, Can You Be My N? - TWS","If I’m S, Can You Be My N?",TWS,single,False,10,11,0.045,0.5,0.545,0.182,32,1.909,0.204,0.018,8.36
Timeless (with Playboi Carti) - The Weeknd & Playboi Carti,Timeless (with Playboi Carti),The Weeknd & Playboi Carti,single,True,10,11,0.145,1.6,0.091,0.0,4,1.091,0.204,0.059,8.31
Shopper - IU,Shopper,IU,single,False,9,10,0.7,7.0,0.5,0.3,15,1.6,0.184,0.282,8.29
KIDDING - ISEGYE IDOL,KIDDING,ISEGYE IDOL,single,False,0,1,7.4,7.4,1.0,1.0,45,3.0,0.0,2.976,8.25
Deja Vu - TOMORROW X TOGETHER,Deja Vu,TOMORROW X TOGETHER,album,False,10,11,0.073,0.8,1.545,0.0,21,2.545,0.204,0.041,8.24
POWER - G-DRAGON,POWER,G-DRAGON,single,False,10,11,0.073,0.8,1.364,0.0,3,2.364,0.204,0.029,8.24
青い珊瑚礁 - Seiko Matsuda,青い珊瑚礁,Seiko Matsuda,album,False,10,11,0.0,0.0,0.0,0.0,30,1.0,0.204,0.0,8.16
3D (feat. Jack Harlow) (Instrumental) - Jung Kook & Jack Harlow,3D (feat. Jack Harlow) (Instrumental),Jung Kook & Jack Harlow,album,False,10,11,0.0,0.0,0.0,0.0,9,1.0,0.204,0.0,8.16
Trust in me - Lim Young Woong,Trust in me,Lim Young Woong,single,False,9,10,0.13,1.3,1.1,0.8,42,2.5,0.184,0.052,8.12
Dangerously - Charlie Puth,Dangerously,Charlie Puth,album,False,8,9,0.84,6.8,0.556,0.889,37,3.111,0.163,0.476,8.09
Set The Tone - aespa,Set The Tone,aespa,album,False,2,3,3.2,9.6,0.333,4.0,15,1.667,0.041,1.813,8.08
Every Moment With You - JAESSBEE,Every Moment With You,JAESSBEE,single,False,0,1,3.7,3.7,5.0,5.0,20,8.0,0.0,1.488,7.75
MANIAC - VIVIZ,MANIAC,VIVIZ,single,False,9,10,0.12,1.2,0.2,0.2,40,1.3,0.184,0.048,7.63
Vancouver 2 - BIG Naughty,Vancouver 2,BIG Naughty,single,False,6,7,1.914,13.4,1.143,0.857,8,2.429,0.122,0.77,7.51
Dangerous - BOYNEXTDOOR,Dangerous,BOYNEXTDOOR,single,False,9,10,0.12,1.2,0.2,0.0,25,1.2,0.184,0.048,7.47
All I Want for Christmas Is You - Mariah Carey,All I Want for Christmas Is You,Mariah Carey,album,False,1,2,0.588,1.175,1.0,7.5,9,6.0,0.02,0.333,7.46
GOSLOW - YANGHONGWON,GOSLOW,YANGHONGWON,album,False,0,1,5.0,5.0,1.0,3.0,29,3.0,0.0,2.833,7.45
That's What I Like - Bruno Mars,That's What I Like,Bruno Mars,album,False,2,3,2.4,7.2,0.333,4.0,38,1.667,0.041,1.36,7.27
Smoothie - NCT DREAM,Smoothie,NCT DREAM,single,False,6,7,1.314,9.2,0.429,1.143,22,1.571,0.122,0.529,7.14
NIGHT DANCER - BIG Naughty Remix - imase & BIG Naughty,NIGHT DANCER - BIG Naughty Remix,imase & BIG Naughty,single,False,7,8,0.438,3.5,0.0,1.125,37,1.25,0.143,0.176,7.06
Well…? - YANGHONGWON,Well…?,YANGHONGWON,album,False,0,1,4.6,4.6,1.0,3.0,32,3.0,0.0,2.606,7.05
DRIP - BABYMONSTER,DRIP,BABYMONSTER,album,False,8,9,0.289,2.6,1.556,0.111,12,2.667,0.163,0.164,6.91
XO (Only If You Say Yes) - ENHYPEN,XO (Only If You Say Yes),ENHYPEN,album,False,0,1,5.2,5.2,3.0,2.0,40,5.0,0.0,2.946,6.84
I’ll Be There - Jin,I’ll Be There,Jin,album,False,0,1,6.8,6.8,6.0,0.0,7,7.0,0.0,3.853,6.84
Summer (Feat. BE’O) - Paul Blanco,Summer (Feat. BE’O),Paul Blanco,single,True,8,9,0.027,0.244,0.556,0.333,44,2.556,0.163,0.011,6.83
I Had Some Help (Feat. Morgan Wallen) - Post Malone & Morgan Wallen,I Had Some Help (Feat. Morgan Wallen),Post Malone & Morgan Wallen,single,True,2,3,0.827,2.48,0.333,5.333,31,3.0,0.041,0.333,6.77
Skrr (feat. GISELLE) - HAON,Skrr (feat. GISELLE),HAON,single,False,0,1,2.7,2.7,2.0,5.0,30,5.0,0.0,1.086,6.75
Runaway - Kanye West,Runaway,Kanye West,album,True,4,5,0.38,1.9,0.0,3.8,27,2.2,0.082,0.215,6.71
Let off steam - Leellamarz & YANGHONGWON,Let off steam,Leellamarz & YANGHONGWON,single,False,0,1,4.2,4.2,0.0,3.0,47,2.0,0.0,1.689,6.64
But Sometimes - BOYNEXTDOOR,But Sometimes,BOYNEXTDOOR,single,False,8,9,0.089,0.8,1.111,0.0,31,2.111,0.163,0.036,6.62
greedy - Tate McRae,greedy,Tate McRae,single,True,8,9,0.0,0.0,0.0,0.0,45,1.0,0.163,0.0,6.53
Travel Again (Feat. Cautious Clay) - Beenzino,Travel Again (Feat. Cautious Clay),Beenzino,album,True,8,9,0.0,0.0,0.111,0.0,12,1.111,0.163,0.0,6.53
Vancouver - BIG Naughty,Vancouver,BIG Naughty,single,False,8,9,0.0,0.0,0.0,0.0,33,1.0,0.163,0.0,6.53
Fact Check - NCT 127,Fact Check,NCT 127,album,False,7,8,0.35,2.8,0.0,0.5,23,1.125,0.143,0.198,6.47
FRI(END)S (Instrumental) - V,FRI(END)S (Instrumental),V,single,False,0,1,4.8,4.8,6.0,2.0,24,8.0,0.0,1.931,6.44
Sweet Night - V,Sweet Night,V,single,False,4,5,0.145,0.725,0.4,3.6,31,4.6,0.082,0.058,6.31
Seven (feat. Latto) (Alesso Remix) - Jung Kook & Latto,Seven (feat. Latto) (Alesso Remix),Jung Kook & Latto,single,True,3,4,2.0,8.0,0.0,2.0,17,2.0,0.061,0.804,6.07
SPOT! - ZICO,SPOT!,ZICO,single,False,0,1,4.4,4.4,1.0,2.0,2,3.0,0.0,1.77,6.04
Lovin On Me - Jack Harlow,Lovin On Me,Jack Harlow,single,True,2,3,1.067,2.0,2.667,4.0,39,5.0,0.041,0.429,5.93
Teddy Bear - STAYC,Teddy Bear,STAYC,single,False,6,7,0.429,3.0,0.714,0.714,42,1.857,0.122,0.172,5.91
Seven (feat. Latto) (Instrumental) - Jung Kook & Latto,Seven (feat. Latto) (Instrumental),Jung Kook & Latto,single,False,7,8,0.062,0.5,1.25,0.125,9,2.5,0.143,0.025,5.88
Young Man - HYUKOH & 落日飛車 Sunset Rollercoaster,Young Man,HYUKOH & 落日飛車 Sunset Rollercoaster,single,False,7,8,0.15,1.2,0.125,0.0,13,1.125,0.143,0.06,5.87
Monet - Beenzino,Monet,Beenzino,album,True,7,8,0.0,0.0,0.0,0.0,17,1.0,0.143,0.0,5.71
FIELD TRIP - ¥$ & Kanye West & Ty Dolla $ign,FIELD TRIP,¥$ & Kanye West & Ty Dolla $ign,album,True,7,8,0.0,0.0,0.125,0.0,19,1.125,0.143,0.0,5.71
1-800-hot-n-fun - LE SSERAFIM,1-800-hot-n-fun,LE SSERAFIM,single,False,7,8,0.0,0.0,0.0,0.0,26,1.0,0.143,0.0,5.71
"Shh.. (Feat. HYEIN, WONSUN JOE & Special Narr. Patti Kim) - IU","Shh.. (Feat. HYEIN, WONSUN JOE & Special Narr. Patti Kim)",IU,single,False,0,1,2.4,2.4,2.0,4.0,19,4.0,0.0,0.965,5.64
Closer Than This - Jimin,Closer Than This,Jimin,single,False,0,1,5.6,5.6,333.0,0.0,2,334.0,0.0,2.252,5.63
HOME SWEET HOME (feat. TAEYANG & DAESUNG) - G-DRAGON & TAEYANG & DAESUNG,HOME SWEET HOME (feat. TAEYANG & DAESUNG),G-DRAGON & TAEYANG & DAESUNG,single,False,0,1,2.267,2.267,0.0,4.0,2,4.0,0.0,0.912,5.51
Seven (feat. Latto) (Band Ver.) - Jung Kook & Latto,Seven (feat. Latto) (Band Ver.),Jung Kook & Latto,single,False,3,4,1.175,4.7,1.0,2.25,16,2.5,0.061,0.473,5.45
FRI(END)S (Sped Up) - V,FRI(END)S (Sped Up),V,single,False,0,1,4.6,4.6,6.0,1.0,26,8.0,0.0,1.85,5.43
FRI(END)S (Slowed Down) - V,FRI(END)S (Slowed Down),V,single,False,0,1,4.6,4.6,6.0,1.0,28,8.0,0.0,1.85,5.43
Running Wild - Jin,Running Wild,Jin,single,False,0,1,1.24,1.24,5.0,5.0,2,11.0,0.0,0.499,5.28
Intro: Singularity - BTS,Intro: Singularity,BTS,album,False,2,3,1.533,2.8,0.333,2.333,45,2.0,0.041,0.869,5.06
Roller Coaster - NMIXX,Roller Coaster,NMIXX,single,False,5,6,0.433,2.6,1.333,0.5,35,2.5,0.102,0.174,4.92
Little Light - DOYOUNG,Little Light,DOYOUNG,album,False,4,5,1.16,5.8,0.4,0.6,29,1.6,0.082,0.657,4.92
CROOKED - G-DRAGON,CROOKED,G-DRAGON,album,False,6,7,0.0,0.0,0.0,0.0,37,1.0,0.122,0.0,4.9
Chk Chk Boom - Stray Kids,Chk Chk Boom,Stray Kids,album,False,6,7,0.0,0.0,1.429,0.0,28,2.429,0.122,0.0,4.9
Stay Alive (Prod. SUGA of BTS) - Jung Kook,Stay Alive (Prod. SUGA of BTS),Jung Kook,single,False,6,7,0.0,0.0,0.857,0.0,34,1.857,0.122,0.0,4.9
Chill Kill - Red Velvet,Chill Kill,Red Velvet,album,False,1,2,3.2,6.4,7.0,1.0,28,8.5,0.02,1.813,4.84
Broken Melodies - NCT DREAM,Broken Melodies,NCT DREAM,single,False,1,2,3.0,6.0,4.5,1.0,12,6.0,0.02,1.207,4.64
Guess featuring Billie Eilish - Charli xcx & Billie Eilish,Guess featuring Billie Eilish,Charli xcx & Billie Eilish,single,False,5,6,0.267,1.6,0.167,0.333,35,1.333,0.102,0.107,4.62
Pleasure Shop - KEY,Pleasure Shop,KEY,single,False,1,2,2.5,5.0,0.5,1.5,40,2.0,0.02,1.006,4.54
LOST! - RM,LOST!,RM,album,True,1,2,1.65,3.3,1.5,2.5,35,3.5,0.02,0.935,4.49
Neva Play (feat. RM of BTS) - Megan Thee Stallion & RM,Neva Play (feat. RM of BTS),Megan Thee Stallion & RM,single,True,5,6,0.267,1.6,1.5,0.0,19,2.5,0.102,0.107,4.35
"Angel Pt. 1 (feat. Jimin of BTS, JVKE & Muni Long) - Fast & Furious: The Fast Saga & Jimin & BTS","Angel Pt. 1 (feat. Jimin of BTS, JVKE & Muni Long)",Fast & Furious: The Fast Saga & Jimin & BTS,single,False,1,2,3.4,5.2,107.5,0.0,1,108.5,0.02,1.368,4.24
I Don’t Think That I Like Her - Charlie Puth,I Don’t Think That I Like Her,Charlie Puth,album,False,4,5,0.36,1.8,0.4,0.6,46,1.6,0.082,0.204,4.11
Saturn - SZA,Saturn,SZA,single,False,5,6,0.0,0.0,0.333,0.0,43,1.333,0.102,0.0,4.08
NEURON (with Gaeko & YOON MIRAE) - j-hope,NEURON (with Gaeko & YOON MIRAE),j-hope,single,False,5,6,0.0,0.0,0.0,0.0,34,1.0,0.102,0.0,4.08
Dare to Love (feat. BIG Naughty) - B.I,Dare to Love (feat. BIG Naughty),B.I,album,False,2,3,0.667,2.0,1.0,2.0,43,2.667,0.041,0.378,3.92
The Astronaut - Jin,The Astronaut,Jin,single,False,1,2,0.85,1.7,1.0,2.5,27,3.0,0.02,0.342,3.69
Candy (Feat. Zion.T) - Jay Park,Candy (Feat. Zion.T),Jay Park,single,False,4,5,0.32,1.6,0.4,0.0,31,1.4,0.082,0.129,3.59
Why? - PLAVE,Why?,PLAVE,single,False,2,3,0.567,1.7,0.0,1.667,34,1.667,0.041,0.228,3.55
Nice Guy - BOYNEXTDOOR,Nice Guy,BOYNEXTDOOR,album,False,3,4,0.9,3.6,4.0,0.0,19,5.0,0.061,0.51,3.35
Loving You - Lim Young Woong,Loving You,Lim Young Woong,album,False,4,5,0.0,0.0,0.6,0.0,46,1.6,0.082,0.0,3.27
She Smiled - DAY6,She Smiled,DAY6,album,False,4,5,0.0,0.0,0.0,0.0,27,1.0,0.082,0.0,3.27
Filter - BTS,Filter,BTS,album,False,4,5,0.0,0.0,0.4,0.0,31,1.4,0.082,0.0,3.27
Love Me Like This - NMIXX,Love Me Like This,NMIXX,single,False,4,5,0.0,0.0,2.6,0.0,37,3.6,0.082,0.0,3.27
Coca Cola Red (Feat. oygli) - Beenzino,Coca Cola Red (Feat. oygli),Beenzino,album,True,4,5,0.0,0.0,0.0,0.0,23,1.0,0.082,0.0,3.27
990 (Feat. Kim Ximya) - Beenzino,990 (Feat. Kim Ximya),Beenzino,album,True,4,5,0.0,0.0,0.0,0.0,18,1.0,0.082,0.0,3.27
Dancing In The Flames - The Weeknd,Dancing In The Flames,The Weeknd,single,False,0,1,3.2,3.2,6.0,0.0,15,7.0,0.0,1.287,3.22
ENGLAND - YANGHONGWON,ENGLAND,YANGHONGWON,album,False,0,1,3.2,3.2,3.0,0.0,22,4.0,0.0,1.813,3.22
number one girl - ROSÉ,number one girl,ROSÉ,single,False,0,1,3.2,3.2,3.0,0.0,8,4.0,0.0,1.287,3.22
Heart on the Window (with WENDY) - Jin,Heart on the Window (with WENDY),Jin,single,False,0,1,3.2,3.2,10.0,0.0,21,11.0,0.0,1.287,3.22
Another Level - Jin,Another Level,Jin,single,False,0,1,3.2,3.2,10.0,0.0,23,11.0,0.0,1.287,3.22
Super Tuna - Jin,Super Tuna,Jin,single,False,3,4,0.2,0.8,0.5,0.5,24,2.0,0.061,0.08,3.05
How Sweet (Instrumental) - NewJeans,How Sweet (Instrumental),NewJeans,single,False,0,1,2.8,2.8,4.0,0.0,13,5.0,0.0,1.126,2.82
Mine - aespa,Mine,aespa,album,False,0,1,2.8,2.8,1.0,0.0,29,2.0,0.0,1.587,2.82
Live My Life - aespa,Live My Life,aespa,album,False,0,1,2.8,2.8,1.0,0.0,35,2.0,0.0,1.587,2.82
Falling - Jin,Falling,Jin,single,False,0,1,2.8,2.8,10.0,0.0,24,11.0,0.0,1.126,2.82
LOCKDOWN - ISEGYE IDOL,LOCKDOWN,ISEGYE IDOL,single,False,0,1,2.8,2.8,3.0,0.0,40,4.0,0.0,1.126,2.82
CARNIVAL - Kanye West & Ty Dolla $ign,CARNIVAL,Kanye West & Ty Dolla $ign,album,True,0,1,2.8,2.8,2.0,0.0,22,3.0,0.0,1.587,2.82
Like Crazy (Instrumental) - Jimin,Like Crazy (Instrumental),Jimin,single,False,3,4,0.15,0.6,0.25,0.25,41,1.5,0.061,0.06,2.8
LOVE DIVE - IVE,LOVE DIVE,IVE,single,False,3,4,0.15,0.6,0.25,0.25,48,1.5,0.061,0.06,2.8
Elevator - Lim Young Woong,Elevator,Lim Young Woong,single,False,3,4,0.15,0.6,0.25,0.25,48,1.5,0.061,0.06,2.8
Fighting (Feat. Lee Young Ji) - BSS,Fighting (Feat. Lee Young Ji),BSS,single,False,3,4,0.03,0.12,2.25,0.25,43,4.5,0.061,0.012,2.68
bye - Ariana Grande,bye,Ariana Grande,album,False,3,4,0.2,0.8,0.25,0.0,34,1.25,0.061,0.113,2.65
Click Like (Prod. Crush) (Feat. Paul Blanco) - Various Artists,Click Like (Prod. Crush) (Feat. Paul Blanco),Various Artists,single,False,3,4,0.0,0.0,0.0,0.0,41,1.0,0.061,0.0,2.45
3D (feat. Jack Harlow) (MK Remix) - Jung Kook & Jack Harlow & MK,3D (feat. Jack Harlow) (MK Remix),Jung Kook & Jack Harlow & MK,single,True,3,4,0.0,0.0,0.0,0.0,28,1.0,0.061,0.0,2.45
Seven (David Guetta Remix) - Jung Kook & Latto & David Guetta,Seven (David Guetta Remix),Jung Kook & Latto & David Guetta,single,True,3,4,0.0,0.0,0.0,0.0,23,1.0,0.061,0.0,2.45
Cupido - Engel Montaz & Kuv507 & Latinnites Music,Cupido,Engel Montaz & Kuv507 & Latinnites Music,single,False,3,4,0.0,0.0,0.0,0.0,25,1.0,0.061,0.0,2.45
Discord - QWER,Discord,QWER,single,False,3,4,0.0,0.0,0.25,0.0,44,1.25,0.061,0.0,2.45
Like A Fool (Feat. Y2K92) - Beenzino,Like A Fool (Feat. Y2K92),Beenzino,album,True,3,4,0.0,0.0,0.0,0.0,28,1.0,0.061,0.0,2.45
eternal sunshine - Ariana Grande,eternal sunshine,Ariana Grande,album,False,3,4,0.0,0.0,0.0,0.0,40,1.0,0.061,0.0,2.45
Pierrot - LE SSERAFIM,Pierrot,LE SSERAFIM,single,False,3,4,0.0,0.0,0.0,0.0,21,1.0,0.061,0.0,2.45
In Bed/Makgulli - Beenzino,In Bed/Makgulli,Beenzino,album,True,3,4,0.0,0.0,0.0,0.0,20,1.0,0.061,0.0,2.45
Moonlit Floor (Kiss Me) - LISA,Moonlit Floor (Kiss Me),LISA,single,False,3,4,0.0,0.0,1.25,0.0,24,2.25,0.061,0.0,2.45
Love Station - Lim Young Woong,Love Station,Lim Young Woong,album,False,3,4,0.0,0.0,0.25,0.0,49,1.25,0.061,0.0,2.45
I’ll See You There Tomorrow - TOMORROW X TOGETHER,I’ll See You There Tomorrow,TOMORROW X TOGETHER,album,False,1,2,0.8,1.2,2.0,1.0,40,3.5,0.02,0.453,2.43
24YB (Intro) - YANGHONGWON,24YB (Intro),YANGHONGWON,album,False,0,1,2.4,2.4,2.0,0.0,26,3.0,0.0,1.36,2.41
Licorice - aespa,Licorice,aespa,album,False,1,2,1.4,2.8,0.5,0.0,30,1.5,0.02,0.793,2.22
K-POP - Travis Scott & Bad Bunny & The Weeknd,K-POP,Travis Scott & Bad Bunny & The Weeknd,single,True,1,2,1.4,2.4,2.0,0.0,39,3.0,0.02,0.563,2.22
In Bloom - ZEROBASEONE,In Bloom,ZEROBASEONE,single,False,2,3,0.533,0.8,1.0,0.0,39,2.0,0.041,0.215,2.17
Come back to me - RM,Come back to me,RM,single,False,2,3,0.533,1.6,1.0,0.0,21,2.0,0.041,0.215,2.17
Don't Look Back in Anger - Remastered - Oasis,Don't Look Back in Anger - Remastered,Oasis,album,False,2,3,0.233,0.7,0.0,0.333,31,1.667,0.041,0.132,2.14
HARD - SHINee,HARD,SHINee,album,False,2,3,0.4,1.2,0.333,0.0,39,1.333,0.041,0.227,2.03
LALALALA - Stray Kids,LALALALA,Stray Kids,album,False,2,3,0.4,1.2,0.667,0.0,38,1.667,0.041,0.227,2.03
JEALOUSYVALHALLA - YANGHONGWON,JEALOUSYVALHALLA,YANGHONGWON,album,False,1,2,1.2,2.4,2.0,0.0,14,3.0,0.02,0.68,2.02
squabble up - Kendrick Lamar,squabble up,Kendrick Lamar,album,True,0,1,2.0,2.0,2.0,0.0,26,3.0,0.0,1.133,2.01
"BY COLOR, WHITE COLOR (Feat. KOVV) - YANGHONGWON","BY COLOR, WHITE COLOR (Feat. KOVV)",YANGHONGWON,album,False,0,1,2.0,2.0,2.0,0.0,30,3.0,0.0,1.133,2.01
PARANOIA - HEARTSTEEL & League of Legends & BAEKHYUN,PARANOIA,HEARTSTEEL & League of Legends & BAEKHYUN,single,False,0,1,2.0,2.0,2.0,0.0,37,3.0,0.0,0.804,2.01
Ditto (250 Remix) - NewJeans,Ditto (250 Remix),NewJeans,album,False,0,1,2.0,2.0,1.0,0.0,35,2.0,0.0,1.133,2.01
ALL RED - Playboi Carti,ALL RED,Playboi Carti,single,True,0,1,2.0,2.0,2.0,0.0,13,3.0,0.0,0.804,2.01
SAHARA - YANGHONGWON,SAHARA,YANGHONGWON,album,False,0,1,2.0,2.0,1.0,0.0,33,2.0,0.0,1.133,2.01
Good Bones - LE SSERAFIM,Good Bones,LE SSERAFIM,single,False,0,1,2.0,2.0,1.0,0.0,39,2.0,0.0,0.804,2.01
Mourning - Post Malone,Mourning,Post Malone,single,True,0,1,2.0,2.0,2.0,0.0,23,3.0,0.0,0.804,2.01
Drowning - WOODZ,Drowning,WOODZ,single,False,2,3,0.1,0.3,0.667,0.333,49,2.333,0.041,0.04,2.0
Like That - Future & Metro Boomin,Like That,Future & Metro Boomin,album,True,1,2,0.7,1.4,0.5,0.5,45,2.0,0.02,0.397,1.92
Lemon - Beenzino,Lemon,Beenzino,album,True,2,3,0.0,0.0,0.0,0.0,27,1.0,0.041,0.0,1.63
SLIDE - ¥$ & Kanye West & Ty Dolla $ign,SLIDE,¥$ & Kanye West & Ty Dolla $ign,album,True,2,3,0.0,0.0,0.0,0.0,22,1.0,0.041,0.0,1.63
You & Me (Coachella ver.) - JENNIE,You & Me (Coachella ver.),JENNIE,single,False,2,3,0.0,0.0,0.0,0.0,4,1.0,0.041,0.0,1.63
FE!N (feat. Playboi Carti) - Travis Scott,FE!N (feat. Playboi Carti),Travis Scott,album,True,2,3,0.0,0.0,0.0,0.0,42,1.0,0.041,0.0,1.63
Shxtty Game - DAY6,Shxtty Game,DAY6,album,False,2,3,0.0,0.0,0.0,0.0,42,1.0,0.041,0.0,1.63
FRIED - ¥$ & Kanye West & Ty Dolla $ign,FRIED,¥$ & Kanye West & Ty Dolla $ign,album,True,2,3,0.0,0.0,0.0,0.0,38,1.0,0.041,0.0,1.63
Somebody - D.O.,Somebody,D.O.,single,False,2,3,0.0,0.0,0.0,0.0,47,1.0,0.041,0.0,1.63
Cheers to youth - SEVENTEEN,Cheers to youth,SEVENTEEN,album,False,2,3,0.0,0.0,0.0,0.0,31,1.0,0.041,0.0,1.63
Sandman - Beenzino,Sandman,Beenzino,album,True,2,3,0.0,0.0,0.0,0.0,38,1.0,0.041,0.0,1.63
Monster - DAY6,Monster,DAY6,album,False,2,3,0.0,0.0,0.0,0.0,30,1.0,0.041,0.0,1.63
PROMOTION - ¥$ & Kanye West & Ty Dolla $ign,PROMOTION,¥$ & Kanye West & Ty Dolla $ign,album,True,2,3,0.0,0.0,0.0,0.0,33,1.0,0.041,0.0,1.63
euphoria - Kendrick Lamar,euphoria,Kendrick Lamar,single,True,2,3,0.0,0.0,0.0,0.0,42,1.0,0.041,0.0,1.63
No Tomorrow - Spotify Singles - Various Artists,No Tomorrow - Spotify Singles,Various Artists,single,False,2,3,0.0,0.0,0.0,0.0,46,1.0,0.041,0.0,1.63
BACK TO ME - Kanye West & Ty Dolla $ign,BACK TO ME,Kanye West & Ty Dolla $ign,album,True,0,1,1.6,1.6,1.0,0.0,23,2.0,0.0,0.907,1.61
ROLEX - YANGHONGWON,ROLEX,YANGHONGWON,single,False,0,1,1.6,1.6,1.0,0.0,27,2.0,0.0,0.644,1.61
Down Bad - Taylor Swift,Down Bad,Taylor Swift,album,True,0,1,1.6,1.6,4.0,0.0,33,5.0,0.0,0.907,1.61
FOREVER - BABYMONSTER,FOREVER,BABYMONSTER,single,False,1,2,0.6,1.2,2.5,0.0,43,3.5,0.02,0.241,1.42
Supernova - Japanese Version - KANGDANIEL,Supernova - Japanese Version,KANGDANIEL,single,False,1,2,0.186,0.371,0.5,0.5,38,5.0,0.02,0.075,1.41
CHIHIRO - Billie Eilish,CHIHIRO,Billie Eilish,album,False,1,2,0.4,0.8,1.0,0.0,46,2.0,0.02,0.227,1.22
Lost and Found - KingLee & Lil' Flip,Lost and Found,KingLee & Lil' Flip,single,True,1,2,0.4,0.8,0.5,0.0,8,1.5,0.02,0.161,1.22
Horizon - TAEMIN,Horizon,TAEMIN,single,False,0,1,1.2,1.2,1.0,0.0,32,2.0,0.0,0.483,1.21
STARS - Kanye West & Ty Dolla $ign,STARS,Kanye West & Ty Dolla $ign,album,True,0,1,1.2,1.2,1.0,0.0,18,2.0,0.0,0.68,1.21
Cream Soda - EXO,Cream Soda,EXO,album,False,0,1,1.2,1.2,1.0,0.0,43,2.0,0.0,0.68,1.21
Boat - george,Boat,george,single,False,0,1,0.3,0.3,0.0,1.0,49,3.0,0.0,0.121,1.11
한 페이지가 될 수 있게 - DAY6,한 페이지가 될 수 있게,DAY6,single,False,1,2,0.0,0.0,0.0,0.0,35,1.0,0.02,0.0,0.82
"무제(無題) (Untitled, 2014) - G-DRAGON","무제(無題) (Untitled, 2014)",G-DRAGON,single,False,1,2,0.0,0.0,0.0,0.0,43,1.0,0.02,0.0,0.82
예뻤어 - DAY6,예뻤어,DAY6,album,False,1,2,0.0,0.0,0.0,0.0,43,1.0,0.02,0.0,0.82
Circles - Post Malone,Circles,Post Malone,album,False,1,2,0.0,0.0,0.0,0.0,38,1.0,0.02,0.0,0.82
Tick-Tack - ILLIT,Tick-Tack,ILLIT,single,False,1,2,0.0,0.0,0.0,0.0,49,1.0,0.02,0.0,0.82
3D (feat. Jack Harlow) (Alternate Ver.) - Jung Kook & Jack Harlow,3D (feat. Jack Harlow) (Alternate Ver.),Jung Kook & Jack Harlow,single,False,1,2,0.0,0.0,0.0,0.0,4,1.0,0.02,0.0,0.82
Big Dawgs - Hanumankind & Kalmi,Big Dawgs,Hanumankind & Kalmi,single,True,1,2,0.0,0.0,2.0,0.0,48,3.0,0.02,0.0,0.82
Mars - D.O.,Mars,D.O.,single,False,1,2,0.0,0.0,0.0,0.0,47,1.0,0.02,0.0,0.82
As You Wish - WJSN,As You Wish,WJSN,single,False,1,2,0.0,0.0,0.0,0.0,39,1.0,0.02,0.0,0.82
Armageddon - aespa & Grimes & Flava D,Armageddon,aespa & Grimes & Flava D,single,False,1,2,0.0,0.0,0.0,0.0,31,1.0,0.02,0.0,0.82
Radio - Beenzino,Radio,Beenzino,album,True,1,2,0.0,0.0,0.0,0.0,45,1.0,0.02,0.0,0.82
Gym - Beenzino,Gym,Beenzino,album,True,1,2,0.0,0.0,0.0,0.0,46,1.0,0.02,0.0,0.82
All Or Nothing - J Money & KingLee,All Or Nothing,J Money & KingLee,single,True,1,2,0.0,0.0,0.0,0.0,26,1.0,0.02,0.0,0.82
Dope As (Interlude) - Beenzino,Dope As (Interlude),Beenzino,album,True,1,2,0.0,0.0,0.0,0.0,37,1.0,0.02,0.0,0.82
Stinky Kiss (Intro) - Beenzino,Stinky Kiss (Intro),Beenzino,album,True,1,2,0.0,0.0,0.0,0.0,31,1.0,0.02,0.0,0.82
"Crime (Feat. Bek Hyunjin, 250) - Beenzino","Crime (Feat. Bek Hyunjin, 250)",Beenzino,album,True,1,2,0.0,0.0,0.0,0.0,48,1.0,0.02,0.0,0.82
Combo - RIIZE,Combo,RIIZE,album,False,1,2,0.0,0.0,0.0,0.0,41,1.0,0.02,0.0,0.82
Don't Look Back In Anger - Remastered - Oasis,Don't Look Back In Anger - Remastered,Oasis,album,False,1,2,0.0,0.0,0.0,0.0,45,1.0,0.02,0.0,0.82
녹아내려요 Melt Down - DAY6,녹아내려요 Melt Down,DAY6,single,False,1,2,0.0,0.0,0.0,0.0,30,1.0,0.02,0.0,0.82
Camp - Beenzino,Camp,Beenzino,album,True,1,2,0.0,0.0,0.0,0.0,41,1.0,0.02,0.0,0.82
Trippy (Feat. Lance Skiiiwalker) - Beenzino,Trippy (Feat. Lance Skiiiwalker),Beenzino,album,True,1,2,0.0,0.0,0.0,0.0,39,1.0,0.02,0.0,0.82
The Tortured Poets Department - Taylor Swift,The Tortured Poets Department,Taylor Swift,album,True,0,1,0.8,0.8,2.0,0.0,29,3.0,0.0,0.453,0.8
Seven (feat. Latto) (Instrumental) - Jung Kook & Latto & BTS,Seven (feat. Latto) (Instrumental),Jung Kook & Latto & BTS,single,False,0,1,0.8,0.8,1.0,0.0,12,2.0,0.0,0.322,0.8
Seven (feat. Latto) (Explicit Ver.) - Jung Kook & Latto & BTS,Seven (feat. Latto) (Explicit Ver.),Jung Kook & Latto & BTS,single,True,0,1,0.8,0.8,1.0,0.0,1,2.0,0.0,0.322,0.8
Seven (feat. Latto) (Lofi Mix) - Jung Kook & Latto,Seven (feat. Latto) (Lofi Mix),Jung Kook & Latto,single,False,0,1,0.8,0.8,1.0,0.0,47,2.0,0.0,0.322,0.8
But Daddy I Love Him - Taylor Swift,But Daddy I Love Him,Taylor Swift,album,True,0,1,0.8,0.8,1.0,0.0,50,2.0,0.0,0.453,0.8
High Note - KingLee & Code G,High Note,KingLee & Code G,single,True,0,1,0.8,0.8,1.0,0.0,9,2.0,0.0,0.322,0.8
Shoong! (feat. LISA of BLACKPINK) - TAEYANG,Shoong! (feat. LISA of BLACKPINK),TAEYANG,album,False,0,1,0.4,0.4,9.0,0.0,40,10.0,0.0,0.227,0.4
My Boy Only Breaks His Favorite Toys - Taylor Swift,My Boy Only Breaks His Favorite Toys,Taylor Swift,album,False,0,1,0.4,0.4,1.0,0.0,37,2.0,0.0,0.227,0.4
"So Long, London - Taylor Swift","So Long, London",Taylor Swift,album,False,0,1,0.4,0.4,1.0,0.0,44,2.0,0.0,0.227,0.4
Accendio - IVE,Accendio,IVE,single,False,0,1,0.4,0.4,1.0,0.0,49,2.0,0.0,0.161,0.4
Lose My Breath - Stray Kids,Lose My Breath,Stray Kids,single,False,0,1,0.0,0.0,0.0,0.0,39,1.0,0.0,0.0,0.0
No Boss (Feat. Dok2) - E SENS,No Boss (Feat. Dok2),E SENS,album,False,0,1,0.0,0.0,0.0,0.0,32,1.0,0.0,0.0,0.0
BAHAMA - aespa,BAHAMA,aespa,album,False,0,1,0.0,0.0,0.0,0.0,41,1.0,0.0,0.0,0.0
"Angel Pt. 1 (feat. Jimin of BTS, JVKE & Muni Long) - Fast & Furious: The Fast Saga","Angel Pt. 1 (feat. Jimin of BTS, JVKE & Muni Long)",Fast & Furious: The Fast Saga,compilation,False,0,1,0.0,0.0,0.0,0.0,7,1.0,0.0,0.0,0.0
Lose My Breath (Feat. Charlie Puth) - Stray Kids & Charlie Puth,Lose My Breath (Feat. Charlie Puth),Stray Kids & Charlie Puth,single,False,0,1,0.0,0.0,0.0,0.0,29,1.0,0.0,0.0,0.0
Attention (250 Remix) - NewJeans,Attention (250 Remix),NewJeans,album,False,0,1,0.0,0.0,0.0,0.0,47,1.0,0.0,0.0,0.0
Lie - BTS,Lie,BTS,album,False,0,1,0.0,0.0,0.0,0.0,33,1.0,0.0,0.0,0.0
Mistletoe - Justin Bieber,Mistletoe,Justin Bieber,album,False,0,1,0.0,0.0,2.0,0.0,35,3.0,0.0,0.0,0.0
Melt Away - TAEYEON,Melt Away,TAEYEON,single,False,0,1,0.0,0.0,0.0,0.0,50,1.0,0.0,0.0,0.0
lock / unlock (with benny blanco & Nile Rodgers) - j-hope,lock / unlock (with benny blanco & Nile Rodgers),j-hope,single,False,0,1,0.0,0.0,0.0,0.0,49,1.0,0.0,0.0,0.0
i don't know (with HUH YUNJIN of LE SSERAFIM) - j-hope,i don't know (with HUH YUNJIN of LE SSERAFIM),j-hope,single,False,0,1,0.0,0.0,0.0,0.0,46,1.0,0.0,0.0,0.0
don't wanna break up again - Ariana Grande,don't wanna break up again,Ariana Grande,album,True,0,1,0.0,0.0,0.0,0.0,49,1.0,0.0,0.0,0.0
BURN - Kanye West & Ty Dolla $ign,BURN,Kanye West & Ty Dolla $ign,album,True,0,1,0.0,0.0,0.0,0.0,40,1.0,0.0,0.0,0.0
Pink Hoodie - aespa,Pink Hoodie,aespa,single,False,0,1,0.0,0.0,0.0,0.0,50,1.0,0.0,0.0,0.0
It's the Most Wonderful Time of the Year - Andy Williams,It's the Most Wonderful Time of the Year,Andy Williams,album,False,0,1,0.0,0.0,1.0,0.0,49,2.0,0.0,0.0,0.0
Let It Snow! Let It Snow! Let It Snow! - Dean Martin,Let It Snow! Let It Snow! Let It Snow!,Dean Martin,album,False,0,1,0.0,0.0,2.0,0.0,30,3.0,0.0,0.0,0.0
Honestly - RIIZE,Honestly,RIIZE,single,False,0,1,0.0,0.0,0.0,0.0,50,1.0,0.0,0.0,0.0
Let Me In - EXO,Let Me In,EXO,single,False,0,1,0.0,0.0,0.0,0.0,50,1.0,0.0,0.0,0.0
"Noid - Tyler, The Creator",Noid,"Tyler, The Creator",single,True,0,1,0.0,0.0,1.0,0.0,36,2.0,0.0,0.0,0.0
Overdrive - Post Malone,Overdrive,Post Malone,single,False,0,1,0.0,0.0,0.0,0.0,47,1.0,0.0,0.0,0.0
One Kiss - RIIZE,One Kiss,RIIZE,single,False,0,1,0.0,0.0,0.0,0.0,47,1.0,0.0,0.0,0.0
On the street (Feat. ASH ISLAND) - Leellamarz,On the street (Feat. ASH ISLAND),Leellamarz,single,False,0,1,0.0,0.0,0.0,0.0,49,1.0,0.0,0.0,0.0
PAID - Kanye West & Ty Dolla $ign,PAID,Kanye West & Ty Dolla $ign,album,True,0,1,0.0,0.0,0.0,0.0,27,1.0,0.0,0.0,0.0
Gonna Be A Rock - BOYNEXTDOOR,Gonna Be A Rock,BOYNEXTDOOR,album,False,0,1,0.0,0.0,0.0,0.0,48,1.0,0.0,0.0,0.0
G.O.A.T - TAEMIN,G.O.A.T,TAEMIN,single,False,0,1,0.0,0.0,0.0,0.0,44,1.0,0.0,0.0,0.0
GOD'S COUNTRY - Travis Scott,GOD'S COUNTRY,Travis Scott,album,True,0,1,0.0,0.0,0.0,0.0,43,1.0,0.0,0.0,0.0
Get The Hell Out - DAY6,Get The Hell Out,DAY6,album,False,0,1,0.0,0.0,0.0,0.0,46,1.0,0.0,0.0,0.0
Flooded The Face - Lil Uzi Vert,Flooded The Face,Lil Uzi Vert,album,True,0,1,0.0,0.0,0.0,0.0,48,1.0,0.0,0.0,0.0
Salty & Sweet - aespa,Salty & Sweet,aespa,single,False,0,1,0.0,0.0,0.0,0.0,46,1.0,0.0,0.0,0.0
Flowers - aespa,Flowers,aespa,single,False,0,1,0.0,0.0,0.0,0.0,38,1.0,0.0,0.0,0.0
SOS (Prod. Marshmello) - SEVENTEEN,SOS (Prod. Marshmello),SEVENTEEN,album,False,0,1,0.0,0.0,1.0,0.0,49,2.0,0.0,0.0,0.0
"Rah Tah Tah - Tyler, The Creator",Rah Tah Tah,"Tyler, The Creator",album,True,0,1,0.0,0.0,0.0,0.0,50,1.0,0.0,0.0,0.0
I Like Me Better - Lauv,I Like Me Better,Lauv,album,False,0,1,0.0,0.0,0.0,0.0,36,1.0,0.0,0.0,0.0
ITEM - Stray Kids,ITEM,Stray Kids,album,False,0,1,0.0,0.0,0.0,0.0,40,1.0,0.0,0.0,0.0
Push Ups - Drake,Push Ups,Drake,single,True,0,1,0.0,0.0,0.0,0.0,36,1.0,0.0,0.0,0.0
SIRENS - Travis Scott,SIRENS,Travis Scott,album,True,0,1,0.0,0.0,0.0,0.0,42,1.0,0.0,0.0,0.0
Rumble - KingLee,Rumble,KingLee,single,True,0,1,0.0,0.0,0.0,0.0,29,1.0,0.0,0.0,0.0
Heavy Is the Crown - Linkin Park,Heavy Is the Crown,Linkin Park,single,False,0,1,0.0,0.0,0.0,0.0,46,1.0,0.0,0.0,0.0
Hell yea - Leellamarz & YANGHONGWON,Hell yea,Leellamarz & YANGHONGWON,single,False,0,1,0.0,0.0,0.0,0.0,47,1.0,0.0,0.0,0.0
LALALI - SEVENTEEN,LALALI,SEVENTEEN,album,False,0,1,0.0,0.0,0.0,0.0,44,1.0,0.0,0.0,0.0
KEYS TO MY LIFE - Kanye West & Ty Dolla $ign,KEYS TO MY LIFE,Kanye West & Ty Dolla $ign,album,True,0,1,0.0,0.0,0.0,0.0,24,1.0,0.0,0.0,0.0
Jeogeumtong - E SENS,Jeogeumtong,E SENS,album,False,0,1,0.0,0.0,0.0,0.0,39,1.0,0.0,0.0,0.0
Jingle Bell Rock - Bobby Helms,Jingle Bell Rock,Bobby Helms,single,False,0,1,0.0,0.0,2.0,0.0,32,3.0,0.0,0.0,0.0
Popular (with Playboi Carti & Madonna) - The Weeknd & Playboi Carti & Madonna,Popular (with Playboi Carti & Madonna),The Weeknd & Playboi Carti & Madonna,single,True,0,1,0.0,0.0,0.0,0.0,42,1.0,0.0,0.0,0.0
Popcorn - D.O.,Popcorn,D.O.,single,False,0,1,0.0,0.0,0.0,0.0,36,1.0,0.0,0.0,0.0
Say Less - TAEMIN,Say Less,TAEMIN,single,False,0,1,0.0,0.0,0.0,0.0,48,1.0,0.0,0.0,0.0
Serendipity - Full Length Edition - BTS,Serendipity - Full Length Edition,BTS,album,False,0,1,0.0,0.0,0.0,0.0,35,1.0,0.0,0.0,0.0
Spark - WINTER Solo - aespa,Spark - WINTER Solo,aespa,single,False,0,1,0.0,0.0,0.0,0.0,44,1.0,0.0,0.0,0.0
FUK SUMN - Kanye West & Ty Dolla $ign,FUK SUMN,Kanye West & Ty Dolla $ign,album,True,0,1,0.0,0.0,0.0,0.0,31,1.0,0.0,0.0,0.0
Snooze (Acoustic) (feat. Justin Bieber) - SZA & Justin Bieber,Snooze (Acoustic) (feat. Justin Bieber),SZA & Justin Bieber,single,True,0,1,0.0,0.0,0.0,0.0,43,1.0,0.0,0.0,0.0
HELIOT EMIL - CHANGMO,HELIOT EMIL,CHANGMO,single,False,0,1,0.0,0.0,0.0,0.0,50,1.0,0.0,0.0,0.0
Dopamine - GISELLE Solo - aespa,Dopamine - GISELLE Solo,aespa,single,False,0,1,0.0,0.0,0.0,0.0,49,1.0,0.0,0.0,0.0
Slow Dancing (FRNK Remix) - V,Slow Dancing (FRNK Remix),V,single,False,0,1,0.0,0.0,1.0,0.0,44,2.0,0.0,0.0,0.0
Even for a moment - Sung Si Kyung & Naul,Even for a moment,Sung Si Kyung & Naul,single,False,0,1,0.0,0.0,0.0,0.0,36,1.0,0.0,0.0,0.0
Event Horizon - Younha,Event Horizon,Younha,album,False,0,1,0.0,0.0,0.0,0.0,50,1.0,0.0,0.0,0.0
Deseydin Anlardım - EDES,Deseydin Anlardım,EDES,single,False,0,1,0.0,0.0,1.0,0.0,39,2.0,0.0,0.0,0.0
Demon - $ecrecy,Demon,$ecrecy,album,True,0,1,0.0,0.0,0.0,0.0,34,1.0,0.0,0.0,0.0
DO IT - Kanye West & Ty Dolla $ign,DO IT,Kanye West & Ty Dolla $ign,album,True,0,1,0.0,0.0,0.0,0.0,47,1.0,0.0,0.0,0.0
DELRESTO (ECHOES) - Travis Scott,DELRESTO (ECHOES),Travis Scott,album,True,0,1,0.0,0.0,0.0,0.0,39,1.0,0.0,0.0,0.0
Crazier - LE SSERAFIM,Crazier,LE SSERAFIM,single,False,0,1,0.0,0.0,0.0,0.0,47,1.0,0.0,0.0,0.0
Soñar (Breaker) - NMIXX,Soñar (Breaker),NMIXX,album,False,0,1,0.0,0.0,0.0,0.0,46,1.0,0.0,0.0,0.0
Standing Next to You - Sped Up - Remix - Beat Record,Standing Next to You - Sped Up - Remix,Beat Record,album,True,0,1,0.0,0.0,0.0,0.0,8,1.0,0.0,0.0,0.0
Spicy - aespa & Nitepunk,Spicy,aespa & Nitepunk,single,False,0,1,0.0,0.0,0.0,0.0,44,1.0,0.0,0.0,0.0
Sweet Venom - ENHYPEN,Sweet Venom,ENHYPEN,album,False,0,1,0.0,0.0,0.0,0.0,50,1.0,0.0,0.0,0.0
Supernova - aespa & Grimes & Flava D,Supernova,aespa & Grimes & Flava D,single,False,0,1,0.0,0.0,0.0,0.0,17,1.0,0.0,0.0,0.0
Super Bowl - Stray Kids,Super Bowl,Stray Kids,album,False,0,1,0.0,0.0,0.0,0.0,50,1.0,0.0,0.0,0.0
TALKING - Kanye West & Ty Dolla $ign,TALKING,Kanye West & Ty Dolla $ign,album,True,0,1,0.0,0.0,0.0,0.0,26,1.0,0.0,0.0,0.0
TOPLINE (Feat. Tiger JK) - Stray Kids,TOPLINE (Feat. Tiger JK),Stray Kids,album,False,0,1,0.0,0.0,0.0,0.0,49,1.0,0.0,0.0,0.0
TOO MUCH - The Kid LAROI,TOO MUCH,The Kid LAROI,album,True,0,1,0.0,0.0,0.0,0.0,49,1.0,0.0,0.0,0.0
TIME MOVING SLOW - ¥$ & Kanye West & Ty Dolla $ign,TIME MOVING SLOW,¥$ & Kanye West & Ty Dolla $ign,album,True,0,1,0.0,0.0,0.0,0.0,44,1.0,0.0,0.0,0.0
The Astronaut - JIN,The Astronaut,JIN,single,False,0,1,0.0,0.0,0.0,0.0,50,1.0,0.0,0.0,0.0
Chemical - Post Malone,Chemical,Post Malone,single,True,0,1,0.0,0.0,0.0,0.0,49,1.0,0.0,0.0,0.0
Chasing Lightning - LE SSERAFIM,Chasing Lightning,LE SSERAFIM,single,False,0,1,0.0,0.0,0.0,0.0,40,1.0,0.0,0.0,0.0
Bubble Gum (Instrumental) - NewJeans,Bubble Gum (Instrumental),NewJeans,single,False,0,1,0.0,0.0,0.0,0.0,44,1.0,0.0,0.0,0.0
Bubble - STAYC,Bubble,STAYC,single,False,0,1,0.0,0.0,0.0,0.0,47,1.0,0.0,0.0,0.0
The Breakup Anthem - Ebstar,The Breakup Anthem,Ebstar,album,False,0,1,0.0,0.0,0.0,0.0,45,1.0,0.0,0.0,0.0
Christmas Without You - Ava Max,Christmas Without You,Ava Max,single,False,0,1,0.0,0.0,2.0,0.0,48,3.0,0.0,0.0,0.0
Citi+ - YANGHONGWON,Citi+,YANGHONGWON,single,False,0,1,0.0,0.0,0.0,0.0,33,1.0,0.0,0.0,0.0
The Unknown Sea - TAEMIN,The Unknown Sea,TAEMIN,single,False,0,1,0.0,0.0,0.0,0.0,45,1.0,0.0,0.0,0.0
Water - Tyla,Water,Tyla,single,False,0,1,0.0,0.0,1.0,0.0,42,2.0,0.0,0.0,0.0
UNLOVE (prod. HONNE) - Zion.T,UNLOVE (prod. HONNE),Zion.T,album,False,0,1,0.0,0.0,0.0,0.0,45,1.0,0.0,0.0,0.0
Type Shit - Future & Metro Boomin,Type Shit,Future & Metro Boomin,album,True,0,1,0.0,0.0,0.0,0.0,48,1.0,0.0,0.0,0.0
wacced out murals - Kendrick Lamar,wacced out murals,Kendrick Lamar,album,True,0,1,0.0,0.0,0.0,0.0,38,1.0,0.0,0.0,0.0
A Yo (Feat. Beenzino) - E SENS,A Yo (Feat. Beenzino),E SENS,album,False,0,1,0.0,0.0,0.0,0.0,35,1.0,0.0,0.0,0.0
Welcome To MY World (feat. nævis) - aespa,Welcome To MY World (feat. nævis),aespa,single,False,0,1,0.0,0.0,7.0,0.0,35,8.0,0.0,0.0,0.0
What The Hell - E SENS,What The Hell,E SENS,album,False,0,1,0.0,0.0,0.0,0.0,41,1.0,0.0,0.0,0.0
地球儀 - Spinning Globe - Kenshi Yonezu,地球儀 - Spinning Globe,Kenshi Yonezu,single,False,0,1,0.0,0.0,1.0,0.0,48,2.0,0.0,0.0,0.0
